{"stats":{"minecraft:dropped":{"minecraft:iron_sword":3,"minecraft:porkchop":1,"minecraft:cooked_beef":1,"minecraft:dark_oak_sapling":2,"minecraft:leather":8,"minecraft:leather_helmet":28,"minecraft:flint":1,"minecraft:dirt":51,"minecraft:yellow_dye":2,"minecraft:dark_oak_trapdoor":1,"minecraft:sunflower":9,"minecraft:sand":9,"minecraft:iron_pickaxe":1,"minecraft:black_concrete":16,"minecraft:dark_oak_planks":6,"minecraft:fishing_rod":1,"minecraft:white_wool":7,"minecraft:bone":1,"minecraft:stone_axe":1,"minecraft:sugar_cane":1,"minecraft:birch_sapling":11,"minecraft:rotten_flesh":22,"minecraft:gunpowder":2,"minecraft:arrow":11,"minecraft:stone_hoe":1,"minecraft:bread":5,"minecraft:wheat_seeds":20,"minecraft:cobblestone":45,"minecraft:stick":12,"minecraft:oxeye_daisy":2,"minecraft:wooden_hoe":1,"minecraft:iron_axe":1,"minecraft:iron_shovel":2,"minecraft:string":4,"minecraft:stone_sword":6,"minecraft:clay_ball":4,"minecraft:stone_slab":5,"minecraft:shears":2,"minecraft:cobblestone_slab":2,"minecraft:potato":1,"minecraft:andesite":1,"minecraft:wooden_shovel":1,"minecraft:spider_eye":1,"minecraft:bamboo":2,"minecraft:wooden_pickaxe":1},"minecraft:used":{"minecraft:iron_shovel":3731,"minecraft:poppy":74,"minecraft:ladder":6,"minecraft:chest":36,"minecraft:shield":27,"minecraft:iron_sword":218,"minecraft:zombie_spawn_egg":8,"minecraft:furnace_minecart":4,"minecraft:azure_bluet":3,"minecraft:glass":165,"minecraft:lava_bucket":1,"minecraft:dark_oak_slab":2,"minecraft:hopper_minecart":5,"minecraft:dark_oak_boat":30,"minecraft:furnace":10,"minecraft:egg":1,"minecraft:potato":131,"minecraft:dark_oak_sapling":94,"minecraft:diorite":4,"minecraft:stone_pickaxe":393,"minecraft:wooden_pickaxe":3,"minecraft:composter":19,"minecraft:sugar_cane":193,"minecraft:dark_oak_trapdoor":8,"minecraft:sand":3,"minecraft:black_concrete_powder":16,"minecraft:black_concrete":3,"minecraft:dark_oak_log":1,"minecraft:birch_slab":3,"minecraft:grindstone":3,"minecraft:birch_log":9,"minecraft:bone_meal":49,"minecraft:stone_sword":157,"minecraft:flint_and_steel":8,"minecraft:wooden_shovel":36,"minecraft:stone_hoe":91,"minecraft:torch":41,"minecraft:dirt":2037,"minecraft:anvil":1,"minecraft:white_carpet":7,"minecraft:hopper":7,"minecraft:wooden_axe":51,"minecraft:dark_oak_planks":64,"minecraft:iron_axe":747,"minecraft:bamboo":370,"minecraft:minecart":7,"minecraft:cooked_beef":32,"minecraft:wheat_seeds":136,"minecraft:cooked_mutton":30,"minecraft:water_bucket":78,"minecraft:birch_planks":21,"minecraft:baked_potato":27,"minecraft:cobblestone_slab":96,"minecraft:rail":60,"minecraft:crafting_table":11,"minecraft:white_bed":9,"minecraft:dark_oak_door":2,"minecraft:wooden_hoe":157,"minecraft:cornflower":3,"minecraft:oxeye_daisy":2,"minecraft:sunflower":142,"minecraft:iron_pickaxe":383,"minecraft:leather_helmet":1,"minecraft:stone_axe":261,"minecraft:fishing_rod":14,"minecraft:cobblestone":124,"minecraft:cooked_porkchop":15,"minecraft:bucket":81,"minecraft:yellow_bed":5,"minecraft:dandelion":24},"minecraft:broken":{"minecraft:iron_shovel":13,"minecraft:stone_pickaxe":3,"minecraft:stone_axe":2,"minecraft:wooden_axe":1,"minecraft:stone_sword":1,"minecraft:iron_axe":2,"minecraft:iron_pickaxe":1,"minecraft:wooden_hoe":2},"minecraft:killed_by":{"minecraft:creeper":1,"minecraft:zombie":1},"minecraft:mined":{"minecraft:dark_oak_planks":34,"minecraft:white_bed":8,"minecraft:farmland":5,"minecraft:jungle_leaves":3,"minecraft:brewing_stand":2,"minecraft:grass_block":2354,"minecraft:composter":12,"minecraft:hopper":3,"minecraft:oxeye_daisy":2,"minecraft:tall_seagrass":2,"minecraft:dark_oak_trapdoor":3,"minecraft:iron_ore":40,"minecraft:fire":8,"minecraft:deepslate_lapis_ore":14,"minecraft:azure_bluet":2,"minecraft:dirt_path":36,"minecraft:kelp_plant":4,"minecraft:clay":4,"minecraft:torch":14,"minecraft:poppy":4,"minecraft:chest":10,"minecraft:glass":10,"minecraft:cobblestone":14,"minecraft:grindstone":2,"minecraft:sugar_cane":207,"minecraft:wall_torch":1,"minecraft:seagrass":2,"minecraft:dark_oak_slab":1,"minecraft:birch_log":87,"minecraft:grass":979,"minecraft:oak_log":4,"minecraft:dark_oak_sapling":10,"minecraft:sand":454,"minecraft:dirt":862,"minecraft:oak_leaves":10,"minecraft:deepslate":72,"minecraft:tuff":3,"minecraft:dark_oak_leaves":101,"minecraft:deepslate_diamond_ore":1,"minecraft:dark_oak_log":725,"minecraft:moss_block":12,"minecraft:furnace":8,"minecraft:andesite":1,"minecraft:black_concrete":19,"minecraft:potatoes":44,"minecraft:deepslate_iron_ore":7,"minecraft:cobblestone_slab":8,"minecraft:rail":25,"minecraft:bamboo_sapling":3,"minecraft:bamboo":125,"minecraft:stone":494,"minecraft:dandelion":12,"minecraft:crafting_table":9,"minecraft:cornflower":3,"minecraft:tall_grass":93,"minecraft:copper_ore":1,"minecraft:deepslate_gold_ore":9,"minecraft:diorite":16,"minecraft:birch_planks":20,"minecraft:birch_leaves":2,"minecraft:yellow_bed":5,"minecraft:coal_ore":30,"minecraft:sunflower":239,"minecraft:gravel":120,"minecraft:fern":3},"minecraft:picked_up":{"minecraft:iron_chestplate":2,"minecraft:lead":2,"minecraft:brewing_stand":2,"minecraft:string":12,"minecraft:dark_oak_trapdoor":3,"minecraft:raw_copper":3,"minecraft:cobbled_deepslate":72,"minecraft:cobblestone_slab":8,"minecraft:hopper_minecart":3,"minecraft:iron_pickaxe":2,"minecraft:furnace":8,"minecraft:dark_oak_door":2,"minecraft:stick":45,"minecraft:composter":12,"minecraft:torch":28,"minecraft:porkchop":20,"minecraft:diorite":16,"minecraft:zombie_spawn_egg":3,"minecraft:stone_sword":6,"minecraft:rotten_flesh":6,"minecraft:cod":2,"minecraft:cobblestone":502,"minecraft:birch_log":87,"minecraft:furnace_minecart":4,"minecraft:cooked_beef":1,"minecraft:andesite":1,"minecraft:dark_oak_boat":30,"minecraft:potato":162,"minecraft:flint":15,"minecraft:tuff":3,"minecraft:dirt":3758,"minecraft:lapis_lazuli":99,"minecraft:bone":19,"minecraft:wheat_seeds":205,"minecraft:raw_gold":9,"minecraft:grindstone":1,"minecraft:bamboo":1811,"minecraft:moss_block":10,"minecraft:sand":475,"minecraft:ink_sac":36,"minecraft:dark_oak_log":725,"minecraft:diamond":1,"minecraft:black_concrete":19,"minecraft:bone_meal":30,"minecraft:bread":5,"minecraft:fishing_rod":2,"minecraft:charcoal":48,"minecraft:crafting_table":9,"minecraft:azure_bluet":3,"minecraft:clay_ball":16,"minecraft:shield":2,"minecraft:cornflower":5,"minecraft:white_carpet":1,"minecraft:iron_shovel":3,"minecraft:beef":35,"minecraft:poppy":6,"minecraft:minecart":7,"minecraft:sugar_cane":385,"minecraft:chest":10,"minecraft:birch_sapling":11,"minecraft:egg":1,"minecraft:dark_oak_sapling":96,"minecraft:raw_iron":47,"minecraft:trident":1,"minecraft:dark_oak_planks":40,"minecraft:arrow":12,"minecraft:shears":3,"minecraft:mutton":34,"minecraft:rail":24,"minecraft:white_wool":15,"minecraft:oxeye_daisy":4,"minecraft:salmon":6,"minecraft:leather":15,"minecraft:birch_planks":20,"minecraft:oak_log":4,"minecraft:yellow_bed":5,"minecraft:gunpowder":2,"minecraft:cooked_mutton":21,"minecraft:apple":17,"minecraft:iron_ingot":13,"minecraft:iron_sword":4,"minecraft:flowering_azalea":1,"minecraft:dandelion":29,"minecraft:gravel":101,"minecraft:white_bed":8,"minecraft:spider_eye":1,"minecraft:leather_helmet":29,"minecraft:baked_potato":11,"minecraft:coal":65,"minecraft:hopper":3,"minecraft:sunflower":246},"minecraft:killed":{"minecraft:spider":8,"minecraft:skeleton":14,"minecraft:pig":8,"minecraft:zombie_villager":1,"minecraft:salmon":5,"minecraft:creeper":2,"minecraft:sheep":20,"minecraft:trader_llama":2,"minecraft:zombie":22,"minecraft:cow":16,"minecraft:drowned":3,"minecraft:squid":19,"minecraft:villager":3},"minecraft:crafted":{"minecraft:black_dye":28,"minecraft:grindstone":1,"minecraft:oak_planks":16,"minecraft:cobblestone_slab":264,"minecraft:dark_oak_boat":2,"minecraft:birch_slab":48,"minecraft:stone":3,"minecraft:cooked_mutton":32,"minecraft:hopper":6,"minecraft:glass":165,"minecraft:dark_oak_door":3,"minecraft:iron_boots":1,"minecraft:chest":34,"minecraft:rail":48,"minecraft:stone_hoe":1,"minecraft:furnace_minecart":1,"minecraft:wooden_shovel":1,"minecraft:cooked_porkchop":15,"minecraft:crafting_table":3,"minecraft:wooden_pickaxe":1,"minecraft:iron_helmet":1,"minecraft:fletching_table":4,"minecraft:hopper_minecart":2,"minecraft:birch_planks":196,"minecraft:dark_oak_slab":18,"minecraft:wooden_hoe":3,"minecraft:charcoal":152,"minecraft:yellow_dye":2,"minecraft:shield":1,"minecraft:stick":775,"minecraft:stone_slab":6,"minecraft:iron_ingot":47,"minecraft:iron_pickaxe":4,"minecraft:stone_sword":1,"minecraft:composter":7,"minecraft:shears":1,"minecraft:fishing_rod":1,"minecraft:furnace":3,"minecraft:dark_oak_trapdoor":6,"minecraft:gray_dye":46,"minecraft:bone_meal":42,"minecraft:white_carpet":6,"minecraft:flint_and_steel":1,"minecraft:black_concrete_powder":16,"minecraft:iron_axe":4,"minecraft:ladder":6,"minecraft:stone_pickaxe":3,"minecraft:dark_oak_planks":624,"minecraft:minecart":5,"minecraft:cooked_beef":32,"minecraft:iron_sword":2,"minecraft:gray_concrete_powder":176,"minecraft:leather_helmet":1,"minecraft:bucket":1,"minecraft:stone_axe":3,"minecraft:air":0,"minecraft:white_dye":23,"minecraft:wooden_axe":1,"minecraft:iron_shovel":16,"minecraft:iron_leggings":1,"minecraft:white_bed":1,"minecraft:torch":8},"minecraft:custom":{"minecraft:interact_with_crafting_table":109,"minecraft:bell_ring":9,"minecraft:leave_game":17,"minecraft:time_since_death":305532,"minecraft:sprint_one_cm":1613647,"minecraft:damage_blocked_by_shield":910,"minecraft:drop":109,"minecraft:talked_to_villager":14,"minecraft:play_time":647652,"minecraft:deaths":2,"minecraft:jump":8676,"minecraft:walk_on_water_one_cm":137828,"minecraft:interact_with_furnace":180,"minecraft:sleep_in_bed":40,"minecraft:damage_dealt":17848,"minecraft:crouch_one_cm":105791,"minecraft:mob_kills":125,"minecraft:interact_with_anvil":1,"minecraft:inspect_hopper":14,"minecraft:climb_one_cm":30758,"minecraft:walk_one_cm":1415792,"minecraft:sneak_time":30962,"minecraft:walk_under_water_one_cm":70653,"minecraft:boat_one_cm":419219,"minecraft:total_world_time":647652,"minecraft:time_since_rest":8631,"minecraft:damage_taken":4873,"minecraft:swim_one_cm":337496,"minecraft:fly_one_cm":2053138,"minecraft:open_chest":501,"minecraft:fish_caught":3,"minecraft:fall_one_cm":145352}},"DataVersion":3578}